############## REGISTROS ALUMNOS ##########################
INSERT INTO alumnos VALUES ('2018150480052',01);
INSERT INTO alumnos VALUES ('2018150480053',02);
INSERT INTO alumnos VALUES ('2018150480054',03);
INSERT INTO alumnos VALUES ('2018150480055',04);
INSERT INTO alumnos VALUES ('2018150480056',05);
INSERT INTO alumnos VALUES ('2018150480057',06);
INSERT INTO alumnos VALUES ('2018150480058',07);
INSERT INTO alumnos VALUES ('2018150480059',08);
INSERT INTO alumnos VALUES ('2018150480060',09);
INSERT INTO alumnos VALUES ('2018150480061',10);

INSERT INTO alumnos VALUES('2018150480195',11);
INSERT INTO alumnos VALUES('2018150480034',12);
INSERT INTO alumnos VALUES('2018150480572',13);
INSERT INTO alumnos VALUES('2018150480246',14);
INSERT INTO alumnos VALUES('2018150480125',15);
INSERT INTO alumnos VALUES('2018150480873',16);
INSERT INTO alumnos VALUES('2018150480164',17);
INSERT INTO alumnos VALUES('2018150480073',18);
INSERT INTO alumnos VALUES('2018150480724',19);
INSERT INTO alumnos VALUES('2018150480936',20);

INSERT INTO alumnos VALUES ('2018150480900',21);
INSERT INTO alumnos VALUES ('2018150480915',22);
INSERT INTO alumnos VALUES ('2018150480945',23);
INSERT INTO alumnos VALUES ('2018150480975',24);
INSERT INTO alumnos VALUES ('2018150480969',25);
INSERT INTO alumnos VALUES ('2018150480947',26);
INSERT INTO alumnos VALUES ('2018150480930',27);
INSERT INTO alumnos VALUES ('2018150480974',28);
INSERT INTO alumnos VALUES ('2018150480985',29);
INSERT INTO alumnos VALUES ('2018150480988',30);

####################### REGISTROS MATERIAS ###############################
INSERT INTO materias VALUES('SCC-1010','Graficacion',5,4,2,2,'x','x');
INSERT INTO materias VALUES('AEC-1061','Sistemas Operativos',6,4,2,2,'x','x');
INSERT INTO materias VALUES('SCC-1007','Fundametos de Ingenria en Software',5,4,2,2,'x','x');
INSERT INTO materias VALUES('SCD-1003','Arquitectura de Computadoras',4,5,2,3,'x','x');
INSERT INTO materias VALUES('SCA-1025','TALLER DE BASE DE DATOS',5,4,4,0,'x','x');
INSERT INTO materias VALUES('AEC-1034','Fundamentos De Telecomunicaciones',5,4,2,2,'x','x');
INSERT INTO materias VALUES('ACC-0906','Fundametos de investigacion',4,4,2,2,'x','x');
INSERT INTO materias VALUES('ARC-1017','Geometria descriptiva II',4,4,2,2,'x','x');
INSERT INTO materias VALUES('ARC-1013','Estructuras 1',4,4,2,2,'x','x');

INSERT INTO materias VALUES('ACA-0907','TALLER DE ETICA',4,4,0,4,'x','x');
INSERT INTO materias VALUES('AEF-1057','QUIMICA',5,5,3,2,'x','x');
INSERT INTO materias VALUES'(MAC-1008','DIBUJO AISITIDO POR COMPUTADORAS',4,4,2,2,'x','x');

INSERT INTO materias VALUES('ACC-0906','FUNDAMENTOS DE INVESTIGACIÓN','.',4,2,2,'.','.');
INSERT INTO materias VALUES('GEC-0905','DESARROLLO HUMANO' ,'.',4,2,2,'.','.');
INSERT INTO materias VALUES('GEC-0909','FUNDAMENTOS DE FÍSICA','.',4,2,2,'.','.');

INSERT INTO materias VALUES('AVD-1209','EL EMPRENDEDOR Y LA INNOVACIÓN','.',5,2,3,'.','.');
INSERT INTO materias VALUES('AVD-1219','INTRODUCCIÓN A LAS PRODUCCIONES DE ANIMACIÓN','.',5,2,3,'.','.');
INSERT INTO materias VALUES('ACF-0903','ÁLGEBRA LINEAL' ,'.',5,3,2,'.','.');

INSERT INTO materias VALUES('LCT-1281','FUNDAMENTOS DEL TURISMO' ,'.',4,2,2,'.','.',);
INSERT INTO materias VALUES('LTD-1201','ADMINISTRACIÓN DE EMPRESAS TURÍSTICAS' ,'.',5,2,3,'.','.');
INSERT INTO materias VALUES('LTD-1226','MATEMÁTCIAS APLICADAS AL TURISMO' ,'.',5,2,3,'.','.');

INSERT INTO materias VALUES('ACA-0907','TALLER DE ÉTICA' ,'.',4,0,4,'.','.');
INSERT INTO materias VALUES('ACF-0901','CÁLCULO DIFERENCIAL' ,'.',5,3,2,'.','.');
INSERT INTO materias VALUES('AEO-1012','DIBUJO ASISTIDO POR COMPUTADORA' ,'.',3,0,3,'.','.');

INSERT INTO materias VALUES('0906',"Fundamentos de investigacion",4,4,2,2,'x','x');
INSERT INTO materias VALUES('0907',"Taller de etica",4,4,0,0,'x','x');
INSERT INTO materias VALUES('1029',"Taller de herramientas intelectuales",5,5,2,3,x,x);
 
INSERT INTO materias VALUES('1030',"Introduccion a la contabilidad financiera",6,6,2,4,'x','x');
INSERT INTO materias VALUES('1001',"Administracion",4,4,2,2,'x','x');
INSERT INTO materias VALUES('1030',"Fundamentos de investigacion",4,4,2,2,'x','x');


######################## REGISTROS SEMESTRE ###########################
INSERT INTO Semestre VALUES (1001, 'Primero', '2020-2021', CARRERA_PENDIENTE);
INSERT INTO Semestre VALUES (1002, 'Segundo', '2020-2021', CARRERA_PENDIENTE);
INSERT INTO Semestre VALUES (1003, 'Tercero', '2020-2021', CARRERA_PENDIENTE);
INSERT INTO Semestre VALUES (1004, 'Cuarto', 	'2020-2021', CARRERA_PENDIENTE);
INSERT INTO Semestre VALUES (1005, 'Quinto', 	'2020-2021', CARRERA_PENDIENTE);
INSERT INTO Semestre VALUES (1006, 'Sexto', 	'2020-2021', CARRERA_PENDIENTE);
INSERT INTO Semestre VALUES (1007, 'Septimo', '2020-2021', CARRERA_PENDIENTE);
INSERT INTO Semestre VALUES (1008, 'Octavo', 	'2020-2021', CARRERA_PENDIENTE)
INSERT INTO Semestre VALUES (1009, 'Noveno', 	'2020-2021', CARRERA_PENDIENTE);

INSERT INTO Semestre VALUES (2001, 'Primero', '2021-2022', CARRERA_PENDIENTE);
INSERT INTO Semestre VALUES (2002, 'Segundo', '2021-2022', CARRERA_PENDIENTE);
INSERT INTO Semestre VALUES (2003, 'Tercero', '2021-2022', CARRERA_PENDIENTE);
INSERT INTO Semestre VALUES (2004, 'Cuarto', 	'2021-2022', CARRERA_PENDIENTE);
INSERT INTO Semestre VALUES (2005, 'Quinto', 	'2021-2022', CARRERA_PENDIENTE);
INSERT INTO Semestre VALUES (2006, 'Sexto', 	'2021-2022', CARRERA_PENDIENTE);
INSERT INTO Semestre VALUES (2007, 'Septimo', '2021-2022', CARRERA_PENDIENTE);
INSERT INTO Semestre VALUES (2008, 'Octavo', 	'2021-2022', CARRERA_PENDIENTE);
INSERT INTO Semestre VALUES (2009, 'Noveno', 	'2021-2022', CARRERA_PENDIENTE);

INSERT INTO Semestre VALUES (3001, 'Primero', '2022-2023', CARRERA_PENDIENTE);
INSERT INTO Semestre VALUES (3002, 'Segundo', '2022-2023', CARRERA_PENDIENTE);
INSERT INTO Semestre VALUES (3003, 'Tercero', '2022-2023', CARRERA_PENDIENTE);
INSERT INTO Semestre VALUES (3004, 'Cuarto', 	'2022-2023', CARRERA_PENDIENTE);
INSERT INTO Semestre VALUES (3005, 'Quinto', 	'2022-2023', CARRERA_PENDIENTE);
INSERT INTO Semestre VALUES (3006, 'Sexto', 	'2022-2023', CARRERA_PENDIENTE);
INSERT INTO Semestre VALUES (3007, 'Septimo', '2022-2023', CARRERA_PENDIENTE);
INSERT INTO Semestre VALUES (3008, 'Octavo', 	'2022-2023', CARRERA_PENDIENTE);
INSERT INTO Semestre VALUES (3009, 'Noveno', 	'2022-2023', CARRERA_PENDIENTE);



 #insersion de datos en tabla grupo EN ORACLE       
INSERT INTO GRUPO VALUES (101,'A','LZ-301',PENDIENTE);
INSERT INTO GRUPO VALUES (102,'A','LZ-302',PENDIENTE);
INSERT INTO GRUPO VALUES (103,'A','LZ-303',PENDIENTE);
INSERT INTO GRUPO VALUES (104,'A','LZ-304',PENDIENTE);
INSERT INTO GRUPO VALUES (105,'A','LZ-305',PENDIENTE);

INSERT INTO GRUPO VALUES (106,'B','IC-101',PENDIENTE);
INSERT INTO GRUPO VALUES (107,'B','IC-102',PENDIENTE);
INSERT INTO GRUPO VALUES (108,'B','IC-103',PENDIENTE);
INSERT INTO GRUPO VALUES (109,'B','IC-104',PENDIENTE);
INSERT INTO GRUPO VALUES (110,'B','IC-105',PENDIENTE);

INSERT INTO GRUPO VALUES (111,'C','IM-701',PENDIENTE);
INSERT INTO GRUPO VALUES (112,'C','IM-702',PENDIENTE);
INSERT INTO GRUPO VALUES (113,'C','IM-703',PENDIENTE);
INSERT INTO GRUPO VALUES (114,'C','IM-704',PENDIENTE);
INSERT INTO GRUPO VALUES (115,'C','IM-705',PENDIENTE);

INSERT INTO GRUPO VALUES (116,'D','IF-501',PENDIENTE);
INSERT INTO GRUPO VALUES (117,'D','IF-502',PENDIENTE);
INSERT INTO GRUPO VALUES (118,'D','IF-503',PENDIENTE);
INSERT INTO GRUPO VALUES (119,'D','IF-504',PENDIENTE);
INSERT INTO GRUPO VALUES (120,'D','IF-505',PENDIENTE);

INSERT INTO GRUPO VALUES (121,'E','AI-601',PENDIENTE);
INSERT INTO GRUPO VALUES (122,'E','AI-602',PENDIENTE);
INSERT INTO GRUPO VALUES (123,'E','AI-603',PENDIENTE);
INSERT INTO GRUPO VALUES (124,'E','AI-604',PENDIENTE);
INSERT INTO GRUPO VALUES (125,'E','AI-605',PENDIENTE);

INSERT INTO GRUPO VALUES (126,'F','L0-201',PENDIENTE);
INSERT INTO GRUPO VALUES (127,'F','L0-202',PENDIENTE);
INSERT INTO GRUPO VALUES (128,'F','L0-203',PENDIENTE);
INSERT INTO GRUPO VALUES (129,'F','L0-204',PENDIENTE);
INSERT INTO GRUPO VALUES (130,'F','L0-205',PENDIENTE);


# Registros de la Tabla PAGOS
INSERT INTO PAGOS VALUES (11001, '970000219016255724543393201', 'Inscripción', 3055);
INSERT INTO PAGOS VALUES (11002, '970000219016255724543393202', 'Inscripción', 3055);
INSERT INTO PAGOS VALUES (11003, '970000219016255724543393203', 'Inscripción', 3055);
INSERT INTO PAGOS VALUES (11004, '970000219016255724543393204', 'Inscripción', 3055);
INSERT INTO PAGOS VALUES (11005, '970000219016255724543393205', 'Inscripción', 3055);
INSERT INTO PAGOS VALUES (11006, '970000219016255724543393206', 'Inscripción', 3055);
INSERT INTO PAGOS VALUES (11007, '970000219016255724543393207', 'Inscripción', 3055);
INSERT INTO PAGOS VALUES (11008, '970000219016255724543393208', 'Inscripción', 3055);
INSERT INTO PAGOS VALUES (11009, '970000219016255724543393209', 'Inscripción', 3055);
INSERT INTO PAGOS VALUES (11010, '970000219016255724543393210', 'Inscripción', 3055);
INSERT INTO PAGOS VALUES (11011, '970000219016255724543393211', 'Inscripción', 3055);
INSERT INTO PAGOS VALUES (11012, '970000219016255724543393212', 'Inscripción', 3055);
INSERT INTO PAGOS VALUES (11013, '970000219016255724543393213', 'Inscripción', 3055);
INSERT INTO PAGOS VALUES (11014, '970000219016255724543393214', 'Inscripción', 3055);
INSERT INTO PAGOS VALUES (11015, '970000219016255724543393215', 'Inscripción', 3055);
INSERT INTO PAGOS VALUES (11016, '970000219016255724543393216', 'Inscripción', 3055);
INSERT INTO PAGOS VALUES (11017, '970000219016255724543393217', 'Inscripción', 3055);
INSERT INTO PAGOS VALUES (11018, '970000219016255724543393218', 'Inscripción', 3055);
INSERT INTO PAGOS VALUES (11019, '970000219016255724543393219', 'Inscripción', 3055);
INSERT INTO PAGOS VALUES (11020, '970000219016255724543393220', 'Inscripción', 3055);
INSERT INTO PAGOS VALUES (11021, '970000219016255724543393221', 'Inscripción', 3055);
INSERT INTO PAGOS VALUES (11022, '970000219016255724543393222', 'Inscripción', 3055);
INSERT INTO PAGOS VALUES (11023, '970000219016255724543393223', 'Inscripción', 3055);
INSERT INTO PAGOS VALUES (11024, '970000219016255724543393224', 'Inscripción', 3055);
INSERT INTO PAGOS VALUES (11025, '970000219016255724543393225', 'Inscripción', 3055);
INSERT INTO PAGOS VALUES (11026, '970000219016255724543393226', 'Inscripción', 3055);
INSERT INTO PAGOS VALUES (11027, '970000219016255724543393227', 'Inscripción', 3055);
INSERT INTO PAGOS VALUES (11028, '970000219016255724543393228', 'Inscripción', 3055);
INSERT INTO PAGOS VALUES (11029, '970000219016255724543393229', 'Inscripción', 3055);
INSERT INTO PAGOS VALUES (11030, '970000219016255724543393230', 'Inscripción', 3055);

INSERT INTO PAGOS VALUES (20001, '970000219016255724543393231', 'Recursamiento por Creditos', 79);


#######################################################################
 
########## EJEMPLOS ############
#   							ID CARGA 	num_control   grupo Semestre
INSERT INTO CargaAcademica VALUES (100001, '201815048005', 101, 1001);
INSERT INTO CargaAcademica VALUES (100002, '201815048005', 101, 1001);
INSERT INTO CargaAcademica VALUES (100003, '201815048005', 101, 1001);
INSERT INTO CargaAcademica VALUES (100004, '201815048005', 101, 1001);
INSERT INTO CargaAcademica VALUES (100005, '201815048005', 101, 1001);
INSERT INTO CargaAcademica VALUES (100006, '201815048005', 101, 1001);
INSERT INTO CargaAcademica VALUES (100007, '201815048005', 101, 1001);
INSERT INTO CargaAcademica VALUES (100008, '201815048005', 101, 1001);
INSERT INTO CargaAcademica VALUES (100009, '201815048006', 101, 1001);
INSERT INTO CargaAcademica VALUES (100010, '201815048006', 101, 1001);

#							   id_inscr  ID_CARGA
INSERT INTO Inscripciones VALUES (1001, 100001);
INSERT INTO Inscripciones VALUES (1002, 100002);
INSERT INTO Inscripciones VALUES (1003, 100003);
INSERT INTO Inscripciones VALUES (1004, 100004);
INSERT INTO Inscripciones VALUES (1005, 100005);
INSERT INTO Inscripciones VALUES (1006, 100006);
INSERT INTO Inscripciones VALUES (1007, 100007);
INSERT INTO Inscripciones VALUES (1008, 100008);
INSERT INTO Inscripciones VALUES (1009, 100009);
INSERT INTO Inscripciones VALUES (1010, 100010);

#									 ID_Insc  ID_PAGO
# Pago por Inscripcion y Recursamiento (vease registro de pagos)
INSERT INTO Inscripciones_Pago VALUES (1001, 11001);
INSERT INTO Inscripciones_Pago VALUES (1001, 20001);

#Pagos por Inscripcion
INSERT INTO Inscripciones_Pago VALUES (1002, 11002);
INSERT INTO Inscripciones_Pago VALUES (1003, 11003);
INSERT INTO Inscripciones_Pago VALUES (1004, 11004);
INSERT INTO Inscripciones_Pago VALUES (1005, 11005);
INSERT INTO Inscripciones_Pago VALUES (1006, 11006);
INSERT INTO Inscripciones_Pago VALUES (1007, 11007);
INSERT INTO Inscripciones_Pago VALUES (1008, 11008);
INSERT INTO Inscripciones_Pago VALUES (1009, 11009);
INSERT INTO Inscripciones_Pago VALUES (1010, 11010);


# Carga #1 Con 6 materias 		 ID_CARGA	ID_MATERIA
INSERT INTO Materias_Carga VALUES (100001, 'SCC-1010');
INSERT INTO Materias_Carga VALUES (100001, 'AEC-1061');
INSERT INTO Materias_Carga VALUES (100001, 'SCC-1007');
INSERT INTO Materias_Carga VALUES (100001, 'SCD-1003');
INSERT INTO Materias_Carga VALUES (100001, 'SCA-1025');
INSERT INTO Materias_Carga VALUES (100001, 'AEC-1034');
);


# Pendientes por llenar, Son 30 cargas con 6(+) materias
INSERT INTO Materias_Carga VALUES (100002, 
INSERT INTO Materias_Carga VALUES (100003, 
INSERT INTO Materias_Carga VALUES (100004, 
INSERT INTO Materias_Carga VALUES (100005, 
INSERT INTO Materias_Carga VALUES (100006, 
INSERT INTO Materias_Carga VALUES (100007, 
INSERT INTO Materias_Carga VALUES (100008, 
INSERT INTO Materias_Carga VALUES (100009, 
INSERT INTO Materias_Carga VALUES (100010, 