############## REGISTROS ALUMNOS ##########################
INSERT INTO alumnos VALUES ('2018150480052',01);
INSERT INTO alumnos VALUES ('2018150480053',02);
INSERT INTO alumnos VALUES ('2018150480054',03);
INSERT INTO alumnos VALUES ('2018150480055',04);
INSERT INTO alumnos VALUES ('2018150480056',05);
INSERT INTO alumnos VALUES ('2018150480057',06);
INSERT INTO alumnos VALUES ('2018150480058',07);
INSERT INTO alumnos VALUES ('2018150480059',08);
INSERT INTO alumnos VALUES ('2018150480060',09);
INSERT INTO alumnos VALUES ('2018150480061',10);

INSERT INTO alumnos VALUES('2018150480195',11);
INSERT INTO alumnos VALUES('2018150480034',12);
INSERT INTO alumnos VALUES('2018150480572',13);
INSERT INTO alumnos VALUES('2018150480246',14);
INSERT INTO alumnos VALUES('2018150480125',15);
INSERT INTO alumnos VALUES('2018150480873',16);
INSERT INTO alumnos VALUES('2018150480164',17);
INSERT INTO alumnos VALUES('2018150480073',18);
INSERT INTO alumnos VALUES('2018150480724',19);
INSERT INTO alumnos VALUES('2018150480936',20);

INSERT INTO alumnos VALUES ('2018150480900',21);
INSERT INTO alumnos VALUES ('2018150480915',22);
INSERT INTO alumnos VALUES ('2018150480945',23);
INSERT INTO alumnos VALUES ('2018150480975',24);
INSERT INTO alumnos VALUES ('2018150480969',25);
INSERT INTO alumnos VALUES ('2018150480947',26);
INSERT INTO alumnos VALUES ('2018150480930',27);
INSERT INTO alumnos VALUES ('2018150480974',28);
INSERT INTO alumnos VALUES ('2018150480985',29);
INSERT INTO alumnos VALUES ('2018150480988',30);

####################### REGISTROS MATERIAS ###############################
INSERT INTO materias VALUES('SCC-1010','Graficacion',5,4,2,2,'x','x');
INSERT INTO materias VALUES('AEC-1061','Sistemas Operativos',6,4,2,2,'x','x');
INSERT INTO materias VALUES('SCC-1007','Fundametos de Ingenria en Software',5,4,2,2,'x','x');
INSERT INTO materias VALUES('SCD-1003','Arquitectura de Computadoras',4,5,2,3,'x','x');
INSERT INTO materias VALUES('SCA-1025','TALLER DE BASE DE DATOS',5,4,4,0,'x','x');
INSERT INTO materias VALUES('AEC-1034','Fundamentos De Telecomunicaciones',5,4,2,2,'x','x');
INSERT INTO materias VALUES('ACC-0906','Fundametos de investigacion',4,4,2,2,'x','x');
INSERT INTO materias VALUES('ARC-1017','Geometria descriptiva II',4,4,2,2,'x','x');
INSERT INTO materias VALUES('ARC-1013','Estructuras 1',4,4,2,2,'x','x');

INSERT INTO materias VALUES('ACA-0907','TALLER DE ETICA',4,4,0,4,'x','x');
INSERT INTO materias VALUES('AEF-1057','QUIMICA',5,5,3,2,'x','x');
INSERT INTO materias VALUES'(MAC-1008','DIBUJO AISITIDO POR COMPUTADORAS',4,4,2,2,'x','x');

INSERT INTO materias VALUES('ACC-0906','FUNDAMENTOS DE INVESTIGACIÓN','.',4,2,2,'.','.');
INSERT INTO materias VALUES('GEC-0905','DESARROLLO HUMANO' ,'.',4,2,2,'.','.');
INSERT INTO materias VALUES('GEC-0909','FUNDAMENTOS DE FÍSICA','.',4,2,2,'.','.');

INSERT INTO materias VALUES('AVD-1209','EL EMPRENDEDOR Y LA INNOVACIÓN','.',5,2,3,'.','.');
INSERT INTO materias VALUES('AVD-1219','INTRODUCCIÓN A LAS PRODUCCIONES DE ANIMACIÓN','.',5,2,3,'.','.');
INSERT INTO materias VALUES('ACF-0903','ÁLGEBRA LINEAL' ,'.',5,3,2,'.','.');

INSERT INTO materias VALUES('LCT-1281','FUNDAMENTOS DEL TURISMO' ,'.',4,2,2,'.','.',);
INSERT INTO materias VALUES('LTD-1201','ADMINISTRACIÓN DE EMPRESAS TURÍSTICAS' ,'.',5,2,3,'.','.');
INSERT INTO materias VALUES('LTD-1226','MATEMÁTCIAS APLICADAS AL TURISMO' ,'.',5,2,3,'.','.');

INSERT INTO materias VALUES('ACA-0907','TALLER DE ÉTICA' ,'.',4,0,4,'.','.');
INSERT INTO materias VALUES('ACF-0901','CÁLCULO DIFERENCIAL' ,'.',5,3,2,'.','.');
INSERT INTO materias VALUES('AEO-1012','DIBUJO ASISTIDO POR COMPUTADORA' ,'.',3,0,3,'.','.');

INSERT INTO materias VALUES('0906',"Fundamentos de investigacion",4,4,2,2,'x','x');
INSERT INTO materias VALUES('0907',"Taller de etica",4,4,0,0,'x','x');
INSERT INTO materias VALUES('1029',"Taller de herramientas intelectuales",5,5,2,3,x,x);
 
INSERT INTO materias VALUES('1030',"Introduccion a la contabilidad financiera",6,6,2,4,'x','x');
INSERT INTO materias VALUES('1001',"Administracion",4,4,2,2,'x','x');
INSERT INTO materias VALUES('1030',"Fundamentos de investigacion",4,4,2,2,'x','x');


######################## REGISTROS SEMESTRE ###########################
INSERT INTO Semestre VALUES (1001, 'Primero', '2020-2021', 'ISC005');
INSERT INTO Semestre VALUES (1002, 'Segundo', '2020-2021', 'ISC005');
INSERT INTO Semestre VALUES (1003, 'Tercero', '2020-2021', 'ISC005');
INSERT INTO Semestre VALUES (1004, 'Cuarto',  '2020-2021', 'ISC005');
INSERT INTO Semestre VALUES (1005, 'Quinto',  '2020-2021', 'ISC005');
INSERT INTO Semestre VALUES (1006, 'Sexto',   '2020-2021', 'ISC005');
INSERT INTO Semestre VALUES (1007, 'Septimo', '2020-2021', 'ISC005');
INSERT INTO Semestre VALUES (1008, 'Octavo',  '2020-2021', 'ISC005');
INSERT INTO Semestre VALUES (1009, 'Noveno',  '2020-2021', 'ISC005');

INSERT INTO Semestre VALUES (1001, 'Primero', '2020-2021', 'IME007');
INSERT INTO Semestre VALUES (1002, 'Segundo', '2020-2021', 'IME007');
INSERT INTO Semestre VALUES (1003, 'Tercero', '2020-2021', 'IME007');
INSERT INTO Semestre VALUES (1004, 'Cuarto',  '2020-2021', 'IME007');
INSERT INTO Semestre VALUES (1005, 'Quinto',  '2020-2021', 'IME007');
INSERT INTO Semestre VALUES (1006, 'Sexto',   '2020-2021', 'IME007');
INSERT INTO Semestre VALUES (1007, 'Septimo', '2020-2021', 'IME007');
INSERT INTO Semestre VALUES (1008, 'Octavo',  '2020-2021', 'IME007');
INSERT INTO Semestre VALUES (1009, 'Noveno',  '2020-2021', 'IME007');

INSERT INTO Semestre VALUES (1001, 'Primero', '2020-2021', 'IAD010');
INSERT INTO Semestre VALUES (1002, 'Segundo', '2020-2021', 'IAD010');
INSERT INTO Semestre VALUES (1003, 'Tercero', '2020-2021', 'IAD010');
INSERT INTO Semestre VALUES (1004, 'Cuarto',  '2020-2021', 'IAD010');
INSERT INTO Semestre VALUES (1005, 'Quinto',  '2020-2021', 'IAD010');
INSERT INTO Semestre VALUES (1006, 'Sexto',   '2020-2021', 'IAD010');
INSERT INTO Semestre VALUES (1007, 'Septimo', '2020-2021', 'IAD010');
INSERT INTO Semestre VALUES (1008, 'Octavo',  '2020-2021', 'IAD010');
INSERT INTO Semestre VALUES (1009, 'Noveno',  '2020-2021', 'IAD010');

 #insersion de datos en tabla grupo EN ORACLE       
INSERT INTO GRUPO VALUES (101,'A','LZ-301',PENDIENTE);
INSERT INTO GRUPO VALUES (102,'A','LZ-302',PENDIENTE);
INSERT INTO GRUPO VALUES (103,'A','LZ-303',PENDIENTE);
INSERT INTO GRUPO VALUES (104,'A','LZ-304',PENDIENTE);
INSERT INTO GRUPO VALUES (105,'A','LZ-305',PENDIENTE);

INSERT INTO GRUPO VALUES (106,'B','IC-101',PENDIENTE);
INSERT INTO GRUPO VALUES (107,'B','IC-102',PENDIENTE);
INSERT INTO GRUPO VALUES (108,'B','IC-103',PENDIENTE);
INSERT INTO GRUPO VALUES (109,'B','IC-104',PENDIENTE);
INSERT INTO GRUPO VALUES (110,'B','IC-105',PENDIENTE);

INSERT INTO GRUPO VALUES (111,'C','IM-701',PENDIENTE);
INSERT INTO GRUPO VALUES (112,'C','IM-702',PENDIENTE);
INSERT INTO GRUPO VALUES (113,'C','IM-703',PENDIENTE);
INSERT INTO GRUPO VALUES (114,'C','IM-704',PENDIENTE);
INSERT INTO GRUPO VALUES (115,'C','IM-705',PENDIENTE);

INSERT INTO GRUPO VALUES (116,'D','IF-501',PENDIENTE);
INSERT INTO GRUPO VALUES (117,'D','IF-502',PENDIENTE);
INSERT INTO GRUPO VALUES (118,'D','IF-503',PENDIENTE);
INSERT INTO GRUPO VALUES (119,'D','IF-504',PENDIENTE);
INSERT INTO GRUPO VALUES (120,'D','IF-505',PENDIENTE);

INSERT INTO GRUPO VALUES (121,'E','AI-601',PENDIENTE);
INSERT INTO GRUPO VALUES (122,'E','AI-602',PENDIENTE);
INSERT INTO GRUPO VALUES (123,'E','AI-603',PENDIENTE);
INSERT INTO GRUPO VALUES (124,'E','AI-604',PENDIENTE);
INSERT INTO GRUPO VALUES (125,'E','AI-605',PENDIENTE);

INSERT INTO GRUPO VALUES (126,'F','L0-201',PENDIENTE);
INSERT INTO GRUPO VALUES (127,'F','L0-202',PENDIENTE);
INSERT INTO GRUPO VALUES (128,'F','L0-203',PENDIENTE);
INSERT INTO GRUPO VALUES (129,'F','L0-204',PENDIENTE);
INSERT INTO GRUPO VALUES (130,'F','L0-205',PENDIENTE);


# Registros de la Tabla PAGOS
INSERT INTO PAGOS VALUES (11001, '970000219016255724543393201', 'Inscripción', 3055);
INSERT INTO PAGOS VALUES (11002, '970000219016255724543393202', 'Inscripción', 3055);
INSERT INTO PAGOS VALUES (11003, '970000219016255724543393203', 'Inscripción', 3055);
INSERT INTO PAGOS VALUES (11004, '970000219016255724543393204', 'Inscripción', 3055);
INSERT INTO PAGOS VALUES (11005, '970000219016255724543393205', 'Inscripción', 3055);
INSERT INTO PAGOS VALUES (11006, '970000219016255724543393206', 'Inscripción', 3055);
INSERT INTO PAGOS VALUES (11007, '970000219016255724543393207', 'Inscripción', 3055);
INSERT INTO PAGOS VALUES (11008, '970000219016255724543393208', 'Inscripción', 3055);
INSERT INTO PAGOS VALUES (11009, '970000219016255724543393209', 'Inscripción', 3055);
INSERT INTO PAGOS VALUES (11010, '970000219016255724543393210', 'Inscripción', 3055);
INSERT INTO PAGOS VALUES (11011, '970000219016255724543393211', 'Inscripción', 3055);
INSERT INTO PAGOS VALUES (11012, '970000219016255724543393212', 'Inscripción', 3055);
INSERT INTO PAGOS VALUES (11013, '970000219016255724543393213', 'Inscripción', 3055);
INSERT INTO PAGOS VALUES (11014, '970000219016255724543393214', 'Inscripción', 3055);
INSERT INTO PAGOS VALUES (11015, '970000219016255724543393215', 'Inscripción', 3055);
INSERT INTO PAGOS VALUES (11016, '970000219016255724543393216', 'Inscripción', 3055);
INSERT INTO PAGOS VALUES (11017, '970000219016255724543393217', 'Inscripción', 3055);
INSERT INTO PAGOS VALUES (11018, '970000219016255724543393218', 'Inscripción', 3055);
INSERT INTO PAGOS VALUES (11019, '970000219016255724543393219', 'Inscripción', 3055);
INSERT INTO PAGOS VALUES (11020, '970000219016255724543393220', 'Inscripción', 3055);
INSERT INTO PAGOS VALUES (11021, '970000219016255724543393221', 'Inscripción', 3055);
INSERT INTO PAGOS VALUES (11022, '970000219016255724543393222', 'Inscripción', 3055);
INSERT INTO PAGOS VALUES (11023, '970000219016255724543393223', 'Inscripción', 3055);
INSERT INTO PAGOS VALUES (11024, '970000219016255724543393224', 'Inscripción', 3055);
INSERT INTO PAGOS VALUES (11025, '970000219016255724543393225', 'Inscripción', 3055);
INSERT INTO PAGOS VALUES (11026, '970000219016255724543393226', 'Inscripción', 3055);
INSERT INTO PAGOS VALUES (11027, '970000219016255724543393227', 'Inscripción', 3055);
INSERT INTO PAGOS VALUES (11028, '970000219016255724543393228', 'Inscripción', 3055);
INSERT INTO PAGOS VALUES (11029, '970000219016255724543393229', 'Inscripción', 3055);
INSERT INTO PAGOS VALUES (11030, '970000219016255724543393230', 'Inscripción', 3055);

INSERT INTO PAGOS VALUES (20001, '970000219016255724543393231', 'Recursamiento por Creditos', 79);
INSERT INTO PAGOS VALUES (20002, '970000219016255724543393232', 'Recursamiento por Creditos', 79);
INSERT INTO PAGOS VALUES (20003, '970000219016255724543393233', 'Recursamiento por Creditos', 79);
INSERT INTO PAGOS VALUES (20004, '970000219016255724543393234', 'Recursamiento por Creditos', 79);
INSERT INTO PAGOS VALUES (20005, '970000219016255724543393235', 'Recursamiento por Creditos', 79);
INSERT INTO PAGOS VALUES (20006, '970000219016255724543393236', 'Recursamiento por Creditos', 79);
INSERT INTO PAGOS VALUES (20007, '970000219016255724543393237', 'Recursamiento por Creditos', 79);
INSERT INTO PAGOS VALUES (20008, '970000219016255724543393238', 'Recursamiento por Creditos', 79);
INSERT INTO PAGOS VALUES (20009, '970000219016255724543393239', 'Recursamiento por Creditos', 79);
INSERT INTO PAGOS VALUES (20010, '970000219016255724543393240', 'Recursamiento por Creditos', 79);

INSERT INTO PAGOS VALUES (40001, '970000219016255724543393241', 'CURSO ESPECIAL', 79);
INSERT INTO PAGOS VALUES (40002, '970000219016255724543393242', 'CURSO ESPECIAL', 79);
INSERT INTO PAGOS VALUES (40003, '970000219016255724543393243', 'CURSO ESPECIAL', 79);
INSERT INTO PAGOS VALUES (40004, '970000219016255724543393244', 'CURSO ESPECIAL', 79);

INSERT INTO PAGOS VALUES ( 30001 , ' 970000219016255724543393232 ' , ' PAGO SEGURO ' , 99 );
INSERT INTO PAGOS VALUES ( 30002 , ' 970000219016255724543393233 ' , ' PAGO SEGURO ' , 99 );
INSERT INTO PAGOS VALUES ( 30003 , ' 970000219016255724543393234 ' , ' PAGO SEGURO ' , 99 );
INSERT INTO PAGOS VALUES ( 30004 , ' 970000219016255724543393232 ' , ' PAGO SEGURO ' , 99 );
INSERT INTO PAGOS VALUES ( 30005 , ' 970000219016255724543393233 ' , ' PAGO SEGURO ' , 99 );
INSERT INTO PAGOS VALUES ( 30006 , ' 970000219016255724543393234 ' , ' PAGO SEGURO ' , 99 );
INSERT INTO PAGOS VALUES ( 30007 , ' 970000219016255724543393232 ' , ' PAGO SEGURO ' , 99 );
INSERT INTO PAGOS VALUES ( 30008 , ' 970000219016255724543393233 ' , ' PAGO SEGURO ' , 99 );
INSERT INTO PAGOS VALUES ( 30009 , ' 970000219016255724543393234 ' , ' PAGO SEGURO ' , 99 );
INSERT INTO PAGOS VALUES ( 30010 , ' 970000219016255724543393232 ' , ' PAGO SEGURO ' , 99 );
INSERT INTO PAGOS VALUES ( 30011 , ' 970000219016255724543393233 ' , ' PAGO SEGURO ' , 99 );
INSERT INTO PAGOS VALUES ( 30012 , ' 970000219016255724543393234 ' , ' PAGO SEGURO ' , 99 );
INSERT INTO PAGOS VALUES ( 30013 , ' 970000219016255724543393232 ' , ' PAGO SEGURO ' , 99 );
INSERT INTO PAGOS VALUES ( 30014 , ' 970000219016255724543393233 ' , ' PAGO SEGURO ' , 99 );
INSERT INTO PAGOS VALUES ( 30015 , ' 970000219016255724543393234 ' , ' PAGO SEGURO ' , 99 );
INSERT INTO PAGOS VALUES ( 30016 , ' 970000219016255724543393232 ' , ' PAGO SEGURO ' , 99 );
INSERT INTO PAGOS VALUES ( 30017 , ' 970000219016255724543393233 ' , ' PAGO SEGURO ' , 99 );
INSERT INTO PAGOS VALUES ( 30018 , ' 970000219016255724543393234 ' , ' PAGO SEGURO ' , 99 );
INSERT INTO PAGOS VALUES ( 30019 , ' 970000219016255724543393232 ' , ' PAGO SEGURO ' , 99 );
INSERT INTO PAGOS VALUES ( 30020 , ' 970000219016255724543393233 ' , ' PAGO SEGURO ' , 99 );
INSERT INTO PAGOS VALUES ( 30021 , ' 970000219016255724543393234 ' , ' PAGO SEGURO ' , 99 );
INSERT INTO PAGOS VALUES ( 30022 , ' 970000219016255724543393232 ' , ' PAGO SEGURO ' , 99 );
INSERT INTO PAGOS VALUES ( 30023 , ' 970000219016255724543393233 ' , ' PAGO SEGURO ' , 99 );
INSERT INTO PAGOS VALUES ( 30024 , ' 970000219016255724543393234 ' , ' PAGO SEGURO ' , 99 );
INSERT INTO PAGOS VALUES ( 30025 , ' 970000219016255724543393232 ' , ' PAGO SEGURO ' , 99 );
INSERT INTO PAGOS VALUES ( 30026 , ' 970000219016255724543393233 ' , ' PAGO SEGURO ' , 99 );
INSERT INTO PAGOS VALUES ( 30027 , ' 970000219016255724543393234 ' , ' PAGO SEGURO ' , 99 );
INSERT INTO PAGOS VALUES ( 30028 , ' 970000219016255724543393232 ' , ' PAGO SEGURO ' , 99 );
INSERT INTO PAGOS VALUES ( 30029 , ' 970000219016255724543393233 ' , ' PAGO SEGURO ' , 99 );
INSERT INTO PAGOS VALUES ( 30030 , ' 970000219016255724543393234 ' , ' PAGO SEGURO ' , 99 );





#######################################################################
 
########## EJEMPLOS ############
#############                            CARGAACADEMICA,######FABIOLA ORTIZ LONGINOS########
#   							ID CARGA 	num_control   grupo Semestre
insert into CargaAcademica values(10000,'2018150480052', 101, 1005);
insert into CargaAcademica values(10001,'2018150480053', 101, 1005);
insert into CargaAcademica values(10002,'2018150480054', 101, 1005);
insert into CargaAcademica values(10003,'2018150480055', 101, 1005);
insert into CargaAcademica values(10004,'2018150480056', 101, 1005);
insert into CargaAcademica values(10005,'2018150480057', 101, 1005);
insert into CargaAcademica values(10006,'2018150480058', 101, 1005);
insert into CargaAcademica values(10007,'2018150480059', 101, 1005);
insert into CargaAcademica values(10008,'2018150480060', 101, 1005);
insert into CargaAcademica values(10009,'2018150480061', 101, 1005);
insert into CargaAcademica values(10010,'2018150480195', 101, 1005);
insert into CargaAcademica values(10011,'2018150480034', 101, 1005);
insert into CargaAcademica values(10012,'2018150480572', 101, 1005);
insert into CargaAcademica values(10013,'2018150480246', 101, 1005);
insert into CargaAcademica values(10014,'2018150480125', 101, 1005);
insert into CargaAcademica values(10015,'2018150480873', 101, 1005);
insert into CargaAcademica values(10016,'2018150480164', 101, 1005);
insert into CargaAcademica values(10017,'2018150480073', 101, 1005);
insert into CargaAcademica values(10018,'2018150480724', 101, 1005);
insert into CargaAcademica values(10019,'2018150480936', 101, 1005);
insert into CargaAcademica values(10020,'2018150480900', 101, 1005);
insert into CargaAcademica values(10021,'2018150480915', 101, 1005);
insert into CargaAcademica values(10022,'2018150480945', 101, 1005);
insert into CargaAcademica values(10023,'2018150480975', 101, 1005);
insert into CargaAcademica values(10024,'2018150480969', 101, 1005);
insert into CargaAcademica values(10025,'2018150480947', 101, 1005);
insert into CargaAcademica values(10026,'2018150480930', 101, 1005);
insert into CargaAcademica values(10027,'2018150480974', 101, 1005);
insert into CargaAcademica values(10028,'2018150480985', 101, 1005);
insert into CargaAcademica values(10029,'2018150480988', 101, 1005);

#							   id_inscr  ID_CARGA
INSERT INTO Inscripciones VALUES (1001, 100000);
INSERT INTO Inscripciones VALUES (1002, 100001);
INSERT INTO Inscripciones VALUES (1003, 100002);
INSERT INTO Inscripciones VALUES (1004, 100003);
INSERT INTO Inscripciones VALUES (1005, 100004);
INSERT INTO Inscripciones VALUES (1006, 100005);
INSERT INTO Inscripciones VALUES (1007, 100006);
INSERT INTO Inscripciones VALUES (1008, 100007);
INSERT INTO Inscripciones VALUES (1009, 100008);
INSERT INTO Inscripciones VALUES (1010, 100009);

INSERT INTO Inscripciones VALUES (1011, 100010);
INSERT INTO Inscripciones VALUES (1012, 100011);
INSERT INTO Inscripciones VALUES (1013, 100012);
INSERT INTO Inscripciones VALUES (1014, 100013);
INSERT INTO Inscripciones VALUES (1015, 100014);
INSERT INTO Inscripciones VALUES (1016, 100015);
INSERT INTO Inscripciones VALUES (1017, 100016);
INSERT INTO Inscripciones VALUES (1018, 100017);
INSERT INTO Inscripciones VALUES (1019, 100018);
INSERT INTO Inscripciones VALUES (1020, 100019);

INSERT INTO Inscripciones VALUES (1021, 100020);
INSERT INTO Inscripciones VALUES (1022, 100021);
INSERT INTO Inscripciones VALUES (1023, 100022);
INSERT INTO Inscripciones VALUES (1024, 100023);
INSERT INTO Inscripciones VALUES (1025, 100024);
INSERT INTO Inscripciones VALUES (1026, 100025);
INSERT INTO Inscripciones VALUES (1027, 100026);
INSERT INTO Inscripciones VALUES (1028, 100027);
INSERT INTO Inscripciones VALUES (1029, 100028);
INSERT INTO Inscripciones VALUES (1030, 100029);

#									 ID_Insc  ID_PAGO
# Pago por Inscripcion y Recursamiento (vease registro de pagos)
INSERT INTO Inscripciones_Pago VALUES (1001, 11001);
INSERT INTO Inscripciones_Pago VALUES (1001, 20001);
INSERT INTO Inscripciones_Pago VALUES (1005, 11005);
INSERT INTO Inscripciones_Pago VALUES (1005, 20002);
INSERT INTO Inscripciones_Pago VALUES (1008, 11008);
INSERT INTO Inscripciones_Pago VALUES (1008, 20003);
INSERT INTO Inscripciones_Pago VALUES (1010, 11010);
INSERT INTO Inscripciones_Pago VALUES (1010, 20004);
INSERT INTO Inscripciones_Pago VALUES (1012, 11012);
INSERT INTO Inscripciones_Pago VALUES (1012, 20005);
INSERT INTO Inscripciones_Pago VALUES (1016, 11016);
INSERT INTO Inscripciones_Pago VALUES (1016, 20006);
INSERT INTO Inscripciones_Pago VALUES (1019, 11019);
INSERT INTO Inscripciones_Pago VALUES (1019, 20007);
INSERT INTO Inscripciones_Pago VALUES (1021, 11021);
INSERT INTO Inscripciones_Pago VALUES (1021, 20008);
INSERT INTO Inscripciones_Pago VALUES (1025, 11025);
INSERT INTO Inscripciones_Pago VALUES (1025, 20009);
INSERT INTO Inscripciones_Pago VALUES (1029, 11029);
INSERT INTO Inscripciones_Pago VALUES (1029, 20010);

#PAGO CURSO ESPECIAL
INSERT INTO Inscripciones_Pago VALUES (1003, 11003);
INSERT INTO Inscripciones_Pago VALUES (1003, 40001);
INSERT INTO Inscripciones_Pago VALUES (1014, 11014);
INSERT INTO Inscripciones_Pago VALUES (1014, 40002);
INSERT INTO Inscripciones_Pago VALUES (1017, 11017);
INSERT INTO Inscripciones_Pago VALUES (1017, 40003);
INSERT INTO Inscripciones_Pago VALUES (1030, 11030);
INSERT INTO Inscripciones_Pago VALUES (1030, 40004);

#Pagos por Inscripcion
INSERT INTO Inscripciones_Pago VALUES(1001,11001);
INSERT INTO Inscripciones_Pago VALUES(1002,11002);
INSERT INTO Inscripciones_Pago VALUES(1003,11003);
INSERT INTO Inscripciones_Pago VALUES(1004,11004);
INSERT INTO Inscripciones_Pago VALUES(1005,11005);
INSERT INTO Inscripciones_Pago VALUES(1006,11006);
INSERT INTO Inscripciones_Pago VALUES(1007,11007);
INSERT INTO Inscripciones_Pago VALUES(1008,11008);
INSERT INTO Inscripciones_Pago VALUES(1009,11009);
INSERT INTO Inscripciones_Pago VALUES(1010,11010);
INSERT INTO Inscripciones_Pago VALUES(1011,11011);
INSERT INTO Inscripciones_Pago VALUES(1012,11012);
INSERT INTO Inscripciones_Pago VALUES(1013,11013);
INSERT INTO Inscripciones_Pago VALUES(1014,11014);
INSERT INTO Inscripciones_Pago VALUES(1015,11015);
INSERT INTO Inscripciones_Pago VALUES(1016,11016);
INSERT INTO Inscripciones_Pago VALUES(1017,11017);
INSERT INTO Inscripciones_Pago VALUES(1018,11018);
INSERT INTO Inscripciones_Pago VALUES(1019,11019);
INSERT INTO Inscripciones_Pago VALUES(1020,11020);
INSERT INTO Inscripciones_Pago VALUES(1021,11021);
INSERT INTO Inscripciones_Pago VALUES(1022,11022);
INSERT INTO Inscripciones_Pago VALUES(1023,11023);
INSERT INTO Inscripciones_Pago VALUES(1024,11024);
INSERT INTO Inscripciones_Pago VALUES(1025,11025);
INSERT INTO Inscripciones_Pago VALUES(1026,11026);
INSERT INTO Inscripciones_Pago VALUES(1027,11027);
INSERT INTO Inscripciones_Pago VALUES(1028,11028);
INSERT INTO Inscripciones_Pago VALUES(1029,11029);
INSERT INTO Inscripciones_Pago VALUES(1030,11030);

#PAGO SEGURO

INSERT INTO Inscripciones_Pago VALUES(1001,30001);
INSERT INTO Inscripciones_Pago VALUES(1002,30002);
INSERT INTO Inscripciones_Pago VALUES(1003,30003);
INSERT INTO Inscripciones_Pago VALUES(1004,30004);
INSERT INTO Inscripciones_Pago VALUES(1005,30005);
INSERT INTO Inscripciones_Pago VALUES(1006,30006);
INSERT INTO Inscripciones_Pago VALUES(1007,30007);
INSERT INTO Inscripciones_Pago VALUES(1008,30008);
INSERT INTO Inscripciones_Pago VALUES(1009,30009);
INSERT INTO Inscripciones_Pago VALUES(1010,30010);
INSERT INTO Inscripciones_Pago VALUES(1011,30011);
INSERT INTO Inscripciones_Pago VALUES(1012,30012);
INSERT INTO Inscripciones_Pago VALUES(1013,30013);
INSERT INTO Inscripciones_Pago VALUES(1014,30014);
INSERT INTO Inscripciones_Pago VALUES(1015,30015);
INSERT INTO Inscripciones_Pago VALUES(1016,30016);
INSERT INTO Inscripciones_Pago VALUES(1017,30017);
INSERT INTO Inscripciones_Pago VALUES(1018,30018);
INSERT INTO Inscripciones_Pago VALUES(1019,30019);
INSERT INTO Inscripciones_Pago VALUES(1020,30020);
INSERT INTO Inscripciones_Pago VALUES(1021,30021);
INSERT INTO Inscripciones_Pago VALUES(1022,30022);
INSERT INTO Inscripciones_Pago VALUES(1023,30023);
INSERT INTO Inscripciones_Pago VALUES(1024,30024);
INSERT INTO Inscripciones_Pago VALUES(1025,30025);
INSERT INTO Inscripciones_Pago VALUES(1026,30026);
INSERT INTO Inscripciones_Pago VALUES(1027,30027);
INSERT INTO Inscripciones_Pago VALUES(1028,30028);
INSERT INTO Inscripciones_Pago VALUES(1029,30029);
INSERT INTO Inscripciones_Pago VALUES(1030,30030);

# Carga #1 Con 6 materias 		 ID_CARGA	ID_MATERIA
INSERT INTO Materias_Carga VALUES (100001, 'SCC-1010');
INSERT INTO Materias_Carga VALUES (100001, 'AEC-1061');
INSERT INTO Materias_Carga VALUES (100001, 'SCC-1007');
INSERT INTO Materias_Carga VALUES (100001, 'SCD-1003');
INSERT INTO Materias_Carga VALUES (100001, 'SCA-1025');
INSERT INTO Materias_Carga VALUES (100001, 'AEC-1034');
);
# Carga #2 Con 6 materias 		 ID_CARGA	ID_MATERIA
INSERT INTO Materias_Carga VALUES (100002, 'SCC-1010');
INSERT INTO Materias_Carga VALUES (100002, 'AEC-1061');
INSERT INTO Materias_Carga VALUES (100002, 'SCC-1007');
INSERT INTO Materias_Carga VALUES (100002, 'AVD-1209');
INSERT INTO Materias_Carga VALUES (100002, 'SCA-1025');
INSERT INTO Materias_Carga VALUES (100002, 'AVD-1219');
);
# Carga #3 Con 6 materias 		 ID_CARGA	ID_MATERIA
INSERT INTO Materias_Carga VALUES (100003, 'AEC-1061');
INSERT INTO Materias_Carga VALUES (100003, 'MAC-1008');
INSERT INTO Materias_Carga VALUES (100003, 'GEC-0909');
INSERT INTO Materias_Carga VALUES (100003, 'AVD-1209');
INSERT INTO Materias_Carga VALUES (100003, 'ACC-0906');
INSERT INTO Materias_Carga VALUES (100003, 'AVD-1219');
);
# Carga #4 Con 6 materias 		 ID_CARGA	ID_MATERIA
INSERT INTO Materias_Carga VALUES (100004, 'AEO-1012');
INSERT INTO Materias_Carga VALUES (100004, 'AEF-1057');
INSERT INTO Materias_Carga VALUES (100004, 'LTD-1201');
INSERT INTO Materias_Carga VALUES (100004, 'DEC-0906');
INSERT INTO Materias_Carga VALUES (100004, 'VCC-0907');
INSERT INTO Materias_Carga VALUES (100004, 'AVD-1219');
);
# Carga #5 Con 6 materias 		 ID_CARGA	ID_MATERIA
INSERT INTO Materias_Carga VALUES (100005, 'NDC-1030');
INSERT INTO Materias_Carga VALUES (100005, 'NDC-1029');
INSERT INTO Materias_Carga VALUES (100005, 'LTD-1201');
INSERT INTO Materias_Carga VALUES (100005, 'DEC-0906');
INSERT INTO Materias_Carga VALUES (100005, 'VCC-0907');
INSERT INTO Materias_Carga VALUES (100005, 'AEO-1012');
);

# Carga #6 Con 6 materias 		 ID_CARGA	ID_MATERIA
INSERT INTO Materias_Carga VALUES (100006, 'ARC-1013');
INSERT INTO Materias_Carga VALUES (100006, 'ARC-1017');
INSERT INTO Materias_Carga VALUES (100006, 'ACF-0903');
INSERT INTO Materias_Carga VALUES (100006, 'SCC-1010');
INSERT INTO Materias_Carga VALUES (100006, 'GEC-0905');
INSERT INTO Materias_Carga VALUES (100006, 'AEO-1012');
);
# Carga #7 Con 6 materias 		 ID_CARGA	ID_MATERIA
INSERT INTO Materias_Carga VALUES (100007, 'DEC-0906');
INSERT INTO Materias_Carga VALUES (100007, 'NDC-1029');
INSERT INTO Materias_Carga VALUES (100007, 'ACA-0907');
INSERT INTO Materias_Carga VALUES (100007, 'SCC-1010');
INSERT INTO Materias_Carga VALUES (100007, 'GEC-0905');
INSERT INTO Materias_Carga VALUES (100007, 'ACC-0906');
);
# Carga #8 Con 6 materias 		 ID_CARGA	ID_MATERIA
INSERT INTO Materias_Carga VALUES (100008, 'DEC-0906');
INSERT INTO Materias_Carga VALUES (100008, 'GEC-0905');
INSERT INTO Materias_Carga VALUES (100008, 'GEC-0909');
INSERT INTO Materias_Carga VALUES (100008, 'LCT-1281');
INSERT INTO Materias_Carga VALUES (100008, 'LTD-1201');
INSERT INTO Materias_Carga VALUES (100008, 'LTD-1226');
);
# Carga #9 Con 6 materias 		 ID_CARGA	ID_MATERIA
INSERT INTO Materias_Carga VALUES (100009, 'SCC-1010');
INSERT INTO Materias_Carga VALUES (100009, 'AEC-1061');
INSERT INTO Materias_Carga VALUES (100009, 'SCC-1007');
INSERT INTO Materias_Carga VALUES (100009, 'SCD-1003');
INSERT INTO Materias_Carga VALUES (100009, 'ARC-1017');
INSERT INTO Materias_Carga VALUES (100009, 'ARC-1013');
);
# Carga #10 Con 6 materias 		 ID_CARGA	ID_MATERIA
INSERT INTO Materias_Carga VALUES (100010, 'MAC-1008');
INSERT INTO Materias_Carga VALUES (100010, 'ACC-0906');
INSERT INTO Materias_Carga VALUES (100010, 'AVD-1209');
INSERT INTO Materias_Carga VALUES (100010, 'ACA-0907');
INSERT INTO Materias_Carga VALUES (100010, 'GEC-0909');
INSERT INTO Materias_Carga VALUES (100010, 'AEF-1057');
);
# Carga #11 Con 6 materias 		 ID_CARGA	ID_MATERIA
INSERT INTO Materias_Carga VALUES (100011, 'ARC-1013');
INSERT INTO Materias_Carga VALUES (100011, 'ARC-1017');
INSERT INTO Materias_Carga VALUES (100011, 'ACF-0903');
INSERT INTO Materias_Carga VALUES (100011, 'SCC-1010');
INSERT INTO Materias_Carga VALUES (100011, 'GEC-0905');
INSERT INTO Materias_Carga VALUES (100011, 'AEO-1012');
);
# Carga #12 Con 6 materias 		 ID_CARGA	ID_MATERIA
INSERT INTO Materias_Carga VALUES (100012, 'MAC-1008');
INSERT INTO Materias_Carga VALUES (100012, 'AEF-1057');
INSERT INTO Materias_Carga VALUES (100012, 'ACF-0903');
INSERT INTO Materias_Carga VALUES (100012, 'SCC-1010');
INSERT INTO Materias_Carga VALUES (100012, 'AVD-1219');
INSERT INTO Materias_Carga VALUES (100012, 'AVD-1209');
);
# Carga #13 Con 6 materias 		 ID_CARGA	ID_MATERIA
INSERT INTO Materias_Carga VALUES (100013, 'NDC-1029');
INSERT INTO Materias_Carga VALUES (100013, 'LTD-1201');
INSERT INTO Materias_Carga VALUES (100013, 'LTD-1226');
INSERT INTO Materias_Carga VALUES (100013, 'ACA-0907');
INSERT INTO Materias_Carga VALUES (100013, 'ACF-0901');
INSERT INTO Materias_Carga VALUES (100013, 'AVD-1209');
);
# Carga #14 Con 6 materias 		 ID_CARGA	ID_MATERIA
INSERT INTO Materias_Carga VALUES (100014, 'DEC-0906');
INSERT INTO Materias_Carga VALUES (100014, 'NDC-1029');
INSERT INTO Materias_Carga VALUES (100014, 'NDC-1030');
INSERT INTO Materias_Carga VALUES (100014, 'ACA-0907');
INSERT INTO Materias_Carga VALUES (100014, 'AEO-1012');
INSERT INTO Materias_Carga VALUES (100014, 'AVD-1209');
);
# Carga #15 Con 6 materias 		 ID_CARGA	ID_MATERIA
INSERT INTO Materias_Carga VALUES (100015, 'NDC-1029');
INSERT INTO Materias_Carga VALUES (100015, 'LTD-1201');
INSERT INTO Materias_Carga VALUES (100015, 'AVD-1209');
INSERT INTO Materias_Carga VALUES (100015, 'NDC-1029');
INSERT INTO Materias_Carga VALUES (100015, 'AFD-1001');
INSERT INTO Materias_Carga VALUES (100015, 'NDC-1030');
);
# Carga #16 Con 6 materias 		 ID_CARGA	ID_MATERIA
INSERT INTO Materias_Carga VALUES (100016, 'AEC-1061');
INSERT INTO Materias_Carga VALUES (100016, 'SCC-1007');
INSERT INTO Materias_Carga VALUES (100016, 'GEC-0909');
INSERT INTO Materias_Carga VALUES (100016, 'ACF-0903');
INSERT INTO Materias_Carga VALUES (100016, 'ACF-0901');
INSERT INTO Materias_Carga VALUES (100016, 'AEO-1012');
);
# Carga #17 Con 6 materias 		 ID_CARGA	ID_MATERIA
INSERT INTO Materias_Carga VALUES (100017, 'AEO-1012');
INSERT INTO Materias_Carga VALUES (100017, 'AEF-1057');
INSERT INTO Materias_Carga VALUES (100017, 'LTD-1201');
INSERT INTO Materias_Carga VALUES (100017, 'DEC-0906');
INSERT INTO Materias_Carga VALUES (100017, 'VCC-0907');
INSERT INTO Materias_Carga VALUES (100017, 'AVD-1219');
);
# Carga #18 Con 6 materias 		 ID_CARGA	ID_MATERIA
INSERT INTO Materias_Carga VALUES (100018, 'ARC-1013');
INSERT INTO Materias_Carga VALUES (100018, 'ARC-1017');
INSERT INTO Materias_Carga VALUES (100018, 'SCC-1007');
INSERT INTO Materias_Carga VALUES (100018, 'GEC-0905');
INSERT INTO Materias_Carga VALUES (100018, 'AEF-1057');
INSERT INTO Materias_Carga VALUES (100018, 'AEC-1034');
);
# Carga #19 Con 6 materias 		 ID_CARGA	ID_MATERIA
INSERT INTO Materias_Carga VALUES (100019, 'SCC-1010');
INSERT INTO Materias_Carga VALUES (100019, 'AEC-1061');
INSERT INTO Materias_Carga VALUES (100019, 'SCC-1007');
INSERT INTO Materias_Carga VALUES (100019, 'SCD-1003');
INSERT INTO Materias_Carga VALUES (100019, 'SCA-1025');
INSERT INTO Materias_Carga VALUES (100019, 'AEC-1034');
);

# Carga #20 Con 6 materias 		 ID_CARGA	ID_MATERIA
INSERT INTO Materias_Carga VALUES (100020, 'AEC-1061');
INSERT INTO Materias_Carga VALUES (100020, 'MAC-1008');
INSERT INTO Materias_Carga VALUES (100020, 'GEC-0909');
INSERT INTO Materias_Carga VALUES (100020, 'AVD-1209');
INSERT INTO Materias_Carga VALUES (100020, 'ACC-0906');
INSERT INTO Materias_Carga VALUES (100020, 'AVD-1219');
);
# Carga #21 Con 6 materias 		 ID_CARGA	ID_MATERIA
INSERT INTO Materias_Carga VALUES (100021, 'DEC-0906');
INSERT INTO Materias_Carga VALUES (100021, 'GEC-0905');
INSERT INTO Materias_Carga VALUES (100021, 'GEC-0909');
INSERT INTO Materias_Carga VALUES (100021, 'LCT-1281');
INSERT INTO Materias_Carga VALUES (100021, 'LTD-1201');
INSERT INTO Materias_Carga VALUES (100021, 'LTD-1226');
);
# Carga #22 Con 6 materias 		 ID_CARGA	ID_MATERIA
INSERT INTO Materias_Carga VALUES (100022, 'DEC-0906');
INSERT INTO Materias_Carga VALUES (100022, 'GEC-0905');
INSERT INTO Materias_Carga VALUES (100022, 'GEC-0909');
INSERT INTO Materias_Carga VALUES (100022, 'LCT-1281');
INSERT INTO Materias_Carga VALUES (100022, 'LTD-1201');
INSERT INTO Materias_Carga VALUES (100022, 'LTD-1226');
);
# Carga #23 Con 6 materias 		 ID_CARGA	ID_MATERIA
INSERT INTO Materias_Carga VALUES (100023, 'MAC-1008');
INSERT INTO Materias_Carga VALUES (100023, 'AEO-1012');
INSERT INTO Materias_Carga VALUES (100023, 'AVD-1209');
INSERT INTO Materias_Carga VALUES (100023, 'ACA-0907');
INSERT INTO Materias_Carga VALUES (100023, 'NDC-1029');
INSERT INTO Materias_Carga VALUES (100023, 'NDC-1030');
);
# Carga #24 Con 6 materias 		 ID_CARGA	ID_MATERIA
INSERT INTO Materias_Carga VALUES (100024, 'MAC-1008');
INSERT INTO Materias_Carga VALUES (100024, 'AEF-1057');
INSERT INTO Materias_Carga VALUES (100024, 'ACF-0903');
INSERT INTO Materias_Carga VALUES (100024, 'SCC-1010');
INSERT INTO Materias_Carga VALUES (100024, 'AVD-1219');
INSERT INTO Materias_Carga VALUES (100024, 'AVD-1209');
);
# Carga #25 Con 6 materias 		 ID_CARGA	ID_MATERIA
INSERT INTO Materias_Carga VALUES (100025, 'NDC-1030');
INSERT INTO Materias_Carga VALUES (100025, 'NDC-1029');
INSERT INTO Materias_Carga VALUES (100025, 'LTD-1201');
INSERT INTO Materias_Carga VALUES (100025, 'DEC-0906');
INSERT INTO Materias_Carga VALUES (100025, 'VCC-0907');
INSERT INTO Materias_Carga VALUES (100025, 'AEO-1012');
);
# Carga #26 Con 6 materias 		 ID_CARGA	ID_MATERIA
INSERT INTO Materias_Carga VALUES (100026, 'MAC-1008');
INSERT INTO Materias_Carga VALUES (100026, 'ACC-0906');
INSERT INTO Materias_Carga VALUES (100026, 'AVD-1209');
INSERT INTO Materias_Carga VALUES (100026, 'ACA-0907');
INSERT INTO Materias_Carga VALUES (100026, 'GEC-0909');
INSERT INTO Materias_Carga VALUES (100026, 'AEF-1057');
);
# Carga #27 Con 6 materias 		 ID_CARGA	ID_MATERIA
INSERT INTO Materias_Carga VALUES (100027, 'SCC-1010');
INSERT INTO Materias_Carga VALUES (100027, 'AEC-1061');
INSERT INTO Materias_Carga VALUES (100027, 'SCC-1007');
INSERT INTO Materias_Carga VALUES (100027, 'SCD-1003');
INSERT INTO Materias_Carga VALUES (100027, 'ARC-1017');
INSERT INTO Materias_Carga VALUES (100027, 'ARC-1013');
);
# Carga #28 Con 6 materias 		 ID_CARGA	ID_MATERIA
INSERT INTO Materias_Carga VALUES (100028, 'NDC-1030');
INSERT INTO Materias_Carga VALUES (100028, 'AVD-1209');
INSERT INTO Materias_Carga VALUES (100028, 'AFD-1001');
INSERT INTO Materias_Carga VALUES (100028, 'ACF-0903');
INSERT INTO Materias_Carga VALUES (100028, 'VCC-0907');
INSERT INTO Materias_Carga VALUES (100028, 'AEO-1012');
);
# Carga #29 Con 6 materias 		 ID_CARGA	ID_MATERIA
INSERT INTO Materias_Carga VALUES (100029, 'AEC-1061');
INSERT INTO Materias_Carga VALUES (100029, 'SCC-1007');
INSERT INTO Materias_Carga VALUES (100029, 'GEC-0909');
INSERT INTO Materias_Carga VALUES (100029, 'ACF-0903');
INSERT INTO Materias_Carga VALUES (100029, 'ACF-0901');
INSERT INTO Materias_Carga VALUES (100029, 'AEO-1012');
);
# Carga #30 Con 6 materias 		 ID_CARGA	ID_MATERIA
INSERT INTO Materias_Carga VALUES (100030, 'SCC-1010');
INSERT INTO Materias_Carga VALUES (100030, 'AEC-1061');
INSERT INTO Materias_Carga VALUES (100030, 'SCC-1007');
INSERT INTO Materias_Carga VALUES (100030, 'SCD-1003');
INSERT INTO Materias_Carga VALUES (100030, 'SCA-1025');
INSERT INTO Materias_Carga VALUES (100030, 'AEC-1034');
);

                                   
################################################
